,Svm,Randomforest,Bayes,logisticregression,Adaboost,Knn,Decision_tree,lightgbm
acc,0.8627450980392157,0.8627450980392157,0.8627450980392157,0.8431372549019608,0.803921568627451,0.8431372549019608,0.7843137254901961,0.9411764705882353
auc,0.9278996865203761,0.9537617554858934,0.8628526645768025,0.9420062695924765,0.7946708463949843,0.8550156739811912,0.7884012539184952,0.9482758620689655
sen,0.8620689655172413,0.896551724137931,0.8620689655172413,0.896551724137931,0.8620689655172413,0.896551724137931,0.7586206896551724,0.896551724137931
spec,0.8636363636363636,0.8181818181818182,0.8636363636363636,0.7727272727272727,0.7272727272727273,0.7727272727272727,0.8181818181818182,1.0
mcc,0.7223168032676477,0.7192572174939587,0.7223168032676477,0.6789248279703607,0.5978354457069218,0.6789248279703607,0.5714533736737374,0.888237309079831
f1_score,0.8771929824561403,0.8813559322033899,0.8771929824561403,0.8666666666666666,0.8333333333333334,0.8666666666666666,0.8,0.9454545454545454
